,avatar,hashtags
0,soniasgautam,[]
1,terlannovxani,[]
2,marccain,"['#MarcCain', '#MarcCain', '#KnittedInGermany', '#MarcCain', '#MarcCainGirls', '#MarcCain', '#MarcCain', '#MarcCain', '#MarcCainGirls', '#RethinkTogether', '#MarcCain', '#MarcCain', '#MarcCain', '#MarcCainGirls', '#MarcCain', '#MarcCain', '#MarcCain', '#MarcCain', '#MarcCainBagLove', '#MarcCain', '#KeepOnDancing', '#MarcCain', '#MarcCain', '#MarcCain', '#MarcCain', '#MarcCain', '#MarcCainBagLove', '#MarcCain', '#MarcCain', '#MarcCainBagLove', '#MarcCain']"
3,arpitaguptaa,"['#pumaindia', '#blackfridaysale', '#ad', '#ad', '#dwindia', '#danielwellington', '#ambiencemall', '#millionsmilesfestival', '#DysonIndia', '#DysonExperience', '#TryBeforeYouBuy', '#MyAirwrapStyle', '#Collab', '#DysonIndia', '#DysonExperience', '#MallofIndia', '#TryBeforeYouBuy', '#MyAirwrapStyle', '#DemoStore', '#Collab']"
4,unknownmortalorchestra,"['#doommetal', '#indigenousart', '#musicvideo', '#drone', '#unknownmortalorchestra']"
5,afgansyah.reza,"['#SayImSorry', '#SayImSorry.', '#SayImSorry', '#SayImSorry', '#SayImSorry', '#SayImSorry', '#SayImSorry', '#SayImSorry', '#SayImSorry', '#SayImSorry', '#SayImSorry', '#SayImSorry', '#SayImSorry', '#throwback', '#GoodDayID', '#CariTerusRasamu', '#GenerasiRasaKini', '#GDMilyaranHadiah', '#2021pakevivo']"
6,2niteflavour,"['#tgif', '#LiveUpToYourName']"
7,bonappetitmag,[]
8,antoni,"['#theartofbelmond', '#theartofbelmond', '#thombrownefw22', '#RLFW22', '#RalphLauren', '#customclosets', '#ad', '#istandwithukraine']"
9,franklampard,"['#blackouttuesday', '#StayHomeSaveLives', '#Repost', '#chelsea', '#HeadsUp']"
10,rupikaur_,"['#RupiKaurWorldTour', '#HealingThroughWords', '#alexandermcqueen', '#McQueenHoboBag', '#mcqueeneyewear', '#RupiKaurWorldTour', '#HealingThroughWords', '#RupiKaurWorldTour', '#HealingThroughWords', '#RupiKaurWorldTour.']"
11,leoniehanne,"['#MooRER', '#MooRERVerona', '#McArthurGlen', '#MyMAG', '#Messika', '#GetTheDiamondVibes', '#GRANDNUMEROCHANEL', '#CHANELFRAGRANCE', '#GRANDNUMEROCHANEL', '#CHANELFRAGRANCE', '#DGHOLIDAYS', '#DGBEAUTY', '#TiffanyandCo', '#ATiffanyHoliday', '#GetTheLook', '#StyleCreator', '#GetTheLook', '#StyleCreator', '#LVRFamily', '#luisaviaroma', '#GetTheLook', '#StyleCreator']"
12,alwaysramcharan,"['#RRRMassAnthem', '#RRRMovie', '#RRRSecondSinglePromo', '#NaatuNaatu', '#NaachoNaacho', '#NaattuKoothu', '#HalliNaatu', '#Karinthol', '#RRRMovie\n\n@ssrajamouli', '#Neelambari', '#Acharya', '#AcharyaOnFeb4th\n\nMegastar', '#Sivakoratala', '#manisharma', '#NiranjanReddy', '#RRRGlimpse', '#RRRMovie', '#Acharya', '#RRRMovie', '#RRROnJan7th', '#HappyBirthdayAjayDevgn', '#AjayDevgn', '#RRR', '#RRRMovie\n\n@ssrajamouli', '#Acharya', '#Sidha', '#AlluriSitaRamaraju', '#RRR', '#RRRMovie', '#Sita,', '#RRR', '#RRRMovie', '#Acharya', '#RC15', '#SVC50', '#AcharyaTeaseronJan29', '#Acharya', '#ManiSharma', '#NavinNooli', '#sureshsrajan', '#NiranjanReddy', '#AcharyaTeaseronJan29', '#Acharya', '#ManiSharma', '#NavinNooli', '#sureshsrajan', '#NiranjanReddy']"
13,upworthy,['#starwars']
14,chahattkhanna,"['#ck', '#chahattkhanna', '#recent', '#actor', '#euntrepreneur', '#cargirl', '#metahead', '#philanthropist', '#animallovers', '#ckreels', '#chahattkhanna', '#punjabi', '#saah', '#mysong', '#weekend', '#chahattkhanna', '#ckreels', '#book', '#reading', '#metime', '#myspace', '#chahattkhanna', '#candid', '#casual', '#artist', '#influencer', '#entrepreneur', '#ck', '#ammarzogirl', '#Ck', '#chahattkhanna', '#candid', '#ammarzo', '#instafashion', '#mood', '#lbd', '#instadaily', '#chahattkhanna', '#black', '#instagood', '#redcarpet', '#indian', '#girl', '#actor', '#entrepreneur', '#bombaykpunjabi', '#cholebhature', '#foodie', '#ckreels', '#reels', '#india']"
15,nature._.videos,"['#nature', '#beautifulldestinations', '#beautifulview', '#naturephotography', '#mountains', '#river', '#greenery', '#trees', '#beautifulplanet', '#explore', '#trending', '#nature', '#socute', '#eyes', '#monkey', '#innocent', '#naturevideos', '#cutebaby', '#animallovers', '#love', '#cutemonkey', '#animalplanet', '#wildlife', '#animallife', '#wildlifephotography', '#explore', '#trending', '#nature', '#mountains', '#horse', '#horseriding', '#beautiful', '#sky', '#grassland', '#greenery', '#beautifulplanet', '#beautifulldestinations', '#nature', '#underwater', '#underwaterworld', '#amazing', '#ü¶≠', '#walrus', '#seaanimals', '#underwaterphotography', '#sealife', '#sea', '#naturephotography', '#explore', '#ocean', '#explore', '#trending', '#nature', '#luxurious', '#luxurylifestyle', '#cars', '#malibu', '#maliburockyoaks', '#usa', '#üá∫üá∏', '#photo', '#beautifulplanet', '#beautiful', '#luxuriouslifestyle', '#california', '#photooftheday', '#viral', '#explore', '#trending', '#nature', '#naturephotography', '#beautifulplanet', '#beautiful', '#beautifulldestinations', '#viral', '#view', '#photooftheday', '#viralpost', '#viralphotos', '#trending', '#explore', '#nature', '#wildlifeplanet', '#underwater', '#sealife', '#seaporn', '#underwaterphotography', '#animals', '#animalplanet', '#seaanimals', '#turtle', '#jellyfish', '#underwaterlife', '#underwaterworld', '#wildlife', '#beautifulplanet', '#earthcapture', '#earthplanet', '#naturephotography', '#oceanlife', '#seattle', '#view', '#photooftheday', '#discover', '#discovery', '#explore', '#discoverearth', '#oceanphotography', '#trending', '#nature', '#streetphotography', '#street', '#night', '#train', '#cars', '#road', '#streetstyle', '#nightphotography', '#streetartistry', '#lowlights', '#dark', '#darkphotography', '#viral', '#explore', '#explorepage', '#photooftheday', '#trending', '#nature', '#paragliding', '#iceland', '#icelandtrip', '#adventure', '#icelandüáÆüá∏', '#icelandtravel', '#naturephotography', '#travel', '#travelphotography', '#adventuretime', '#adventuretravel', '#icelandadventure', '#greenery', '#canyons', '#canyon', '#naturephotography', '#paraglidinglife', '#naturevideos', '#travelworld', '#wonderful_places', '#beautifulplanet', '#beautifulldestinations', '#explore', '#exploreworld', '#viral', '#trending', '#friends', '#friendshipgoals', '#friendshipzone', '#childhoodmemories', '#friendship', '#friendzone', '#children', '#childhoodmemory', '#friendsforever', '#photooftheday', '#picoftheday', '#childhood', '#memories', '#childhoodfriends', '#photography', '#childrenphotography', '#friendsforlife', '#love', '#friendslove', '#memoriesforlife', '#oldfriends', '#childhoodwonders', '#explore', '#viral', '#beautiful', '#beautifulphotography', '#friendsedit', '#trending', '#nature', '#voyaged', '#earthpix', '#djindonesia', '#exploreindonesia', '#djera', '#wonderful_places', '#wonderfullindonesia', '#djiglobal', '#stayandwander', '#tentree', '#instagram', '#discoverearth', '#earthfocus', '#livefolkindonesia', '#pesonaindonesia', '#beautifulldestinations', '#bali', '#paradise', '#baligasm', '#explorebali', '#folkscenery', '#bestvacations', '#baliphotographer', '#balidrone', '#sea', '#seawaves', '#sealife', '#beach', '#naturephotography', '#nature', '#beautifuldestinations', '#beautifulplanet', '#vegitable', '#dallake', '#kashmir', '#kashmirtourism', '#explore', '#exploreworld', '#naturalbeauty', '#trending', '#canoe', '#canoeing', '#friendshipgoals', '#nature', '#reels', '#magicalnight', '#nightscapes', '#nightphotography', '#beautifulnight', '#trending', '#antalya', '#turkey', '#reels', '#nature', '#cutebaby', '#cuteanimals', '#ducklings', '#socute', '#cutenessoverload', '#petslover', '#pets', '#cutepet', '#duckling', '#üê•', '#viral', '#trending', '#explore', '#nature', '#reels', '#beautifuldestinations', '#kitakyushu', '#japan', '#cablecar', '#beautifulview', '#nightscapes', '#naturevideos', '#natureporn', '#viral', '#naturephotography', '#viewoftheday', '#natureporn', '#natureoftheday', '#photooftheday', '#trending', '#explore', '#nature', '#reels', '#sunset', '#ship', '#sweden', '#lapland', '#lule√•', '#swedish', '#naturevideos', '#naturephotography', '#sunsetporn', '#beautifulplanet', '#beautifuldestinations', '#explore', '#exploreworld', '#goodvibes', '#instagood', '#trending', '#adventure', '#dangerous', '#nature', '#athelte', '#waterpark', '#waterslides', '#waterparkfun', '#adventuretime', '#explore', '#explorepage', '#trending', '#canoeing', '#reels', '#nature', '#canoe', '#morainelake', '#canoeingadventures', '#alberta', '#canada', '#bucketlist', '#beautifuldestinations', '#canadaüá®üá¶', '#canadalife', '#lake', '#canadatrip', '#albertacanada', '#banffnationalpark', '#lakeview', '#mountains', '#nationalpark', '#explore', '#house', '#nature', '#luxury', '#luxurious', '#luxurylife', '#luxuryhomes', '#luxuryliving', '#homedesign', '#vibes', '#luxuriouslifestyle', '#luxurioushomes', '#designoftheday', '#photooftheday', '#explore', '#beautifuldestinations', '#luxurystyle', '#vibes', '#goodvibes', '#instagood', '#luxuryinteriors', '#beautifulhomes', '#nature', '#reels', '#singapore', '#travelworld', '#travel', '#travelphotography', '#trip', '#tripsingapore', '#travelgram', '#beautifuldestinations', '#beautifulplace', '#placestovisit', '#goodvibes', '#instagood', '#beautiful', '#earthcapture', '#earth', '#explore', '#explorepage', '#trending', '#explore\nTag', '#cutebaby', '#cute', '#frog', '#rain', '#wildlife', '#rainyseason', '#smilemore', '#üòä', '#smile', '#beautifulphotography', '#reels', '#explorepage', '#nature', '#travelphotography', '#naturetravel', '#naturephotography', '#travelagency', '#natureview', '#view', '#naturevideos', '#travelworld', '#travel', '#viral', '#beutiful', '#beutifuldestinations', '#beutifulview', '#natureshot', '#goodvibes', '#trending']"
16,joaolpedrosa,"['#publicidade', '#TraceTrends', '#RecrieOamanha', '#publicidade', '#BeijosIc√¥nicos', '#publicidade', '#tracetrends', '#publicidade', '#tracetrends', '#tracebrasil', '#multishow', '#globoplay\nüì∏:', '#SomosSpotify', '#tracebrasil', '#globoplay', '#multishow\n\nüì∏:', '#RiderRX', '#RiderRX', '#publicidade', '#tracetrends', '#tracebrasil', '#multishow', '#globoplay\n\nüì∏:', '#ColorirOBrasil']"
17,daniellasemaan,"['#motheroffive', '#mysons', '#myworld', '#2021', '#Leonardo', '#ŸÑŸäŸàŸÜÿßÿ±ÿØŸà', '#mytwinbaby']"
18,kimrosacuca,"['#HoraDoShow!!!!', '#Bichota', '#Bichota', '#sacanagem', '#publi', '#correntedagenerosidade', '#correntedagenerosidade!', '#Positions']"
19,nikki_tamboli,"['#bodygoals', '#attitude', '#postivevibes', '#positivity', '#love', '#nikkitamboli', '#toofast', '#mumbaicityofdreams', '#mumbai', '#india', '#shootlife', '#actor', '#actorslife', '#nikkitamboli', '#reels', '#reelkarofeelkaro', '#reelitfeelit', '#reels', '#reelkarofeelkaro', '#nikkitamboli', '#saturday', '#december', '#weekend', '#nikkitamboli', '#just', '#dramaqueen', '#reelkarofeelkaro', '#reels', '#trendingreels', '#itsme', '#trending', '#reels', '#reelitfeelit', '#reelkarofeelkaro', '#smile', '#nikkitamboli', '#nikkitamboli', '#yellow', '#indian', '#love', '#happiness', '#smile', '#sunkissed', '#naturallight', '#messyhair', '#nikkitamboli', '#glam', '#reels', '#reelkarofeelkaro', '#reelitfeelit', '#shine', '#positivevibes', '#nikkitamboli', '#1', '#fairplayindia', '#fairplay', '#safebetting', '#sportsbetting', '#sportsbettingindia', '#sportsbetting', '#cricketbetting', '#betnow', '#winbig', '#wincash', '#sportsbook', '#onlinebettingid', '#bettingid', '#cricketbettingid', '#bettingtips', '#premiummarkets', '#fancymarkets', '#winnings', '#earnnow', '#winnow', '#t20cricket', '#cricket', '#ipl2022', '#t20', '#getsetbet', '#livecasino', '#cardgames', '#betsetwin', '#worldcup', '#chhori', '#', '#gdr', '#nikkitamboli', '#tanmaysingh', '#chhori', '#gdr', '#globaldesirecords', '#chhori', '#excited', '#nikkitamboli', '#globaldesirecords', '#partyanthem', '#chhori', '#globaldesirecords', '#nikkitamboli', '#tanmaysingh', '#gdr\n.\n.\n@tanmayssingh9', '#chhori', '#gdr', '#globaldesirecords', '#chhori', '#gdr', '#globaldesirecords', '#nikkitamboli', '#tanmaysingh', '#nikkitamboli', '#nikkitamboli', '#glow', '#fairytail', '#glam', '#reels', '#reelsinstagram', '#reelsvideo', '#reelitfeelit', '#reelkarofeelkaro', '#trending', '#trendingreels', '#nikkitamboli', '#glam', '#naturallight', '#sunkissed', '#laugh', '#smile', '#glow', '#shine', '#gratitude', '#grateful', '#happydiwali', '#newbeginnings', '#onelife', '#love', '#grateful', '#blessed', '#ipl', '#cricket', '#cricketlovers', '#indiancricket', '#viratkohli', '#bettingtips', '#bettingexpert', '#fantasycricket', '#casino', '#cricketfans', '#Dhoni', '#sportsbetting', '#sports', '#kohinoorbook', '#kohinoorbookofficial', '#kheloaurjeeto', '#nikkitamboli', '#ipl', '#cricket', '#cricketlovers', '#indiancricket', '#viratkohli', '#bettingtips', '#bettingexpert', '#fantasycricket', '#casino', '#cricketfans', '#Dhoni', '#sportsbetting', '#sports', '#kohinoorbook', '#kohinoorbookofficial', '#kheloaurjeeto']"
20,foundr,[]
21,popofreitas,[]
22,baddiewinkle,"['#AskAlexa', '#ForTheGrams', '#ad', '#ad', '#ForTheGrams', '#AskAlexa', '#bakingwithSVEDKA', '#bringyourownspirit', '#SVEDKAPartner', '#For21+', '#bakingwithSVEDKA', '#bringyourownspirit', '#SVEDKAPartner', '#For21+', '#multitasking', '#oldnavystyle', '#oldnavystyle', '#rupaulidays', '#LGhomestylesweepstakes', '#LGpartner', '#ad']"
23,mr.alexsparrow,"['#–¢—ã–ú–æ—è–õ—é–±–æ–≤—å', '#AlexSparrow', '#–¢—ã–ú–æ—è–õ—é–±–æ–≤—å\n‚†Ä\n(–°–´–õ–ö–ê', '#–¢—ã–ú–æ—è–õ—é–±–æ–≤—å\n–£–∂–µ']"
24,miguel,[]
25,nazriyafahadh,"['#weddingscenes‚ú®', '#enjoyenjaami', '#oreoff', '#throwback\nüì∏:', '#march5', '#oreoff', '#mylilheartbeat']"
26,faroutakhtar,"['#conversation', '#jimstagram', '#FarOutdoors', '#FarOutdoors', '#beachlife', '#namesake', '#takeitoutside', '#cycos', '#pedaljayenge', '#FarOutdoors', '#throwbackthursday', '#gigsareback', '#FarOutdoors', '#jimstagram', '#lightingupmylife', '#JeeLeZaraa', '#JeeLeZaraa', '#toofaan', '#purvaiya', '#songsession', '#bts', '#Purvaiya', '#PareshRawal', '#AnjumRajabali', '#ToofaanOnPrime', '#toofaan', '#toofaanonprime', '#Toofaan', '#PareshRawal', '#AnjumRajabali', '#ToofaanOnPrime', '#FanBannJaaoge', '#ad']"
27,luckymanzano,"['#RediscoverSharing', '#jessgotlucky', '#LuckyNgTulong!', '#LuckyNgTulong', '#RediscoverWhatMatters\n@pldthome']"
28,paulmccartney,"['#IGetAKickOutOfYou', '#ThrowbackThursday', '#TBT', '#MullOfKintyre', '#McCartney321', '#ThreeImagined', '#TriviaTuesday', '#McCartney321!', '#HappyEaster', '#EasterSunday\u2063\n\u2063\u2063\nPhoto', '#RAMiversary', '#LindaMcCartney', '#Passover\u2063\n\u2063\nPhoto', '#LindasFamilyKitchen', '#McCartneyIII', '#StPatricksDay\u2063\n\u2063\nPhoto', '#MothersDay', '#ThreeImagined.', '#ThreeImagined,', '#McCartneyIII', '#ThreeImagined', '#McCartneyIII', '#ThreeImagined']"
29,sandandskyaus,['#texturetuesday']
30,tarladalal,"['#kakarapitha', '#pita', '#onam', '#onamrecipes', '#mithai', '#sweet', '#southindianrecipes', '#southindiandessert', '#dessert', '#indiandessert', '#indianrecipes', '#kidsrecipes', '#rakshabandhan', '#kulfi', '#malaikulfi', '#icecream', '#dessert', '#indianrecipes', '#milk', '#aloomatar', '#sabzi', '#quickrecipes', '#indianfood', '#indianrecipes', '#hindirecipe', '#pattice', '#vrat', '#fasting', '#upvas', '#farali', '#indianfood', '#chanadalhalwa', '#halwa', '#dessert', '#indiandessert', '#sweets', '#chanadal', '#indianrecipe', '#pakora', '#pakoda', '#paneerpakoda', '#malwanifood', '#teatimesnacks', '#snacks', '#rawmangorice', '#ricerecipes', '#pulao', '#rawmango', '#indianfood', '#indianrecipes', '#southindianfood', '#southindianrecipes', '#dals', '#dal', '#masoordal', '#spinch', '#palak', '#indianfood', '#masalasoda', '#soda', '#drink', '#bhel', '#moongsprouts', '#moong', '#snack', '#healthysnacks', '#indianfood', '#raita', '#boondiraita', '#boondi', '#indianrecipes', '#curd', '#paneerlababdar', '#punjabirecipes', '#paneerrecipes', '#paneer', '#indianfood', '#gulabjamun', '#sweets', '#bread', '#indianrecipe']"
31,sahasra_honey_varma,"['#reels', '#reelsinstagram', '#reelitfeelit', '#djsongs', '#folksongs', '#gangubaikathiawadi', '#aliabhatt', '#reels', '#gangubaikathiawadi', '#sahasrahoneyvarma', '#aliaabhatt', '#pataaspilla', '#djtillu', '#reels', '#slowmotion', '#reelsinstagram', '#reelitfeelit', '#reelsvideo', '#instagood', '#instagram', '#sahasrahoneyvarma', '#sahasrahoney', '#sahasrahoneyreal', '#slowmotion', '#slowmotionvideo', '#sahasra', '#sahasrahoneyreal', '#sahasrahoneyvarma', '#reelsinstagram', '#reels', '#reelitfeelit', '#instagood', '#instagram', '#instafashion']"
32,yamahaindonesia,"['#YamahaIndonesia', '#SemakinDiDepan', '#Naked', '#XSR155', '#BornToBeFree', '#LetsGEARUpDance', '#LetsGEARUpDance', '#LetsGEARupDance', '#YamahaGear125', '#YamahaIndonesia', '#SemakinDiDepan', '#LetsGEARupDance', '#TikTok', '#Generasi125', '#Matic', '#YamahaGEAR125', '#LetsGEARUp', '#MaticMultiguna', '#YamahaIndonesia', '#SemakinDiDepan', '#MAXIYamaha', '#AllNewNMAX155Connected', '#LiveThePride', '#YamahaIndonesia', '#SemakinDiDepan', '#MaxiYamaha', '#AllNewAerox155Connected', '#MAXiSportScooter', '#WeAreAeroxSociety', '#PowerWeightRatio', '#YamahaIndonesia', '#SemakinDiDepan', '#Matic', '#XRide', '#LiveInTheAdventure', '#YamahaIndonesia', '#SemakinDiDepan', '#Matic', '#FreeGo', '#TheAmazingMatic', '#YamahaIndonesia', '#SemakinDiDepan', '#TriviaQuiz', '#YamahaIndonesia', '#SemakinDiDepan', '#MAXIYamaha', '#AllNewNMAX155Connected', '#LiveThePride', '#YamahaIndonesia', '#SemakinDiDepan', '#Yamalube', '#aslilebihbaik', '#oliaslidariyamaha', '#SexyLEXi!', '#YamahaIndonesia', '#SemakinDiDepan', '#MAXiYamaha', '#LEXi', '#SmartIsTheNewSexi', '#letsgearupdance', '#letsgearupdance', '#YamahaIndonesia', '#SemakinDiDepan', '#LetsGEARupDance', '#TikTok', '#Generasi125', '#Matic', '#YamahaGEAR125', '#LetsGEARUp', '#MaticMultiguna', '#MAXiSignature', '#YamahaIndonesia', '#SemakinDiDepan', '#MaxiYamaha', '#MaxiSignature', '#AllNewNMAX155Connected', '#EnterTheNewStage', '#LiveThePride', '#YamahaIndonesia', '#SemakinDiDepan', '#Moped', '#MXKing', '#TheKingOfStreet', '#YamahaIndonesia', '#SemakinDiDepan', '#Sport', '#R15', '#R25', '#LiveInTheRacingSpirit', '#RevYourLimit', '#YamahaIndonesia', '#SemakinDiDepan', '#Generasi125', '#Matic', '#Fino', '#FreeGo', '#XRide', '#MioM3', '#YamahaGEAR125', '#MAXiSportScooter', '#YamahaIndonesia', '#SemakinDiDepan', '#MAXiYamaha', '#AllNewAeroxConnected', '#MAXiSportScooter', '#YConnect', '#YamahaIndonesia', '#SemakinDiDepan', '#MaxiYamaha', '#Matic', '#TMAXDX', '#ResetTheRulesOfMax', '#YamahaIndonesia', '#SemakinDiDepan', '#Sport', '#R15', '#LiveInTheRacingSpirit', '#YamahaIndonesia', '#SemakinDiDepan', '#Moped', '#JupiterZ1', '#YangLainSemakinKetinggalan', '#YamahaIndonesia', '#SemakinDiDepan', '#MAXiYamaha', '#AllNewAeroxConnected', '#MAXiSportScooter', '#YamahaIndonesia', '#SemakinDiDepan', '#Generasi125', '#Matic', '#YamahaGEAR125', '#LetsGEARUp', '#MaticMultiguna', '#YamahaIndonesia', '#SemakinDiDepan', '#OffRoad', '#WR155R', '#TheRealAdventurePartner', '#YamahaIndonesia', '#SemakinDiDepan', '#Moped', '#MXKing', '#TheKingOfStreet', '#YamahaIndonesia', '#SemakinDiDepan', '#MAXIYamaha', '#AllNewNMAX155Connected', '#EnterTheNewStage', '#LiveThePride']"
33,zapcoid,"['#selfcare', '#selflove', '#ZAPPhotoFacialxNazlaAlifa', '#ZAPPhotoFacial', '#selfcare', '#selflove', '#ZAPPhotoFacialxNazlaAlifa', '#ZAPPhotoFacial', '#selfcare', '#selflove', '#ZAPPhotoFacialxNazlaAlifa', '#ZAPPhotoFacial', '#zapcoid', '#zapclinic', '#treatmentzap', '#instaglowserummicroinjection', '#ngezaphariini', '#zapcoid', '#zapclinic', '#treatment', '#perawatankulit', '#zap', '#ZAPIndonesia', '#zapclinic', '#zapcoid', '#womenbrazilianhairremoval', '#zaphairremoval', '#ngezapyuk', '#ngezapaman', '#promozap', '#zapxgenz', '#genzinvasion', '#genz', '#skincarelokal', '#skincaresteps', '#acneskincare', '#zapbeauty', '#juva', '#zapxgenz', '#genzinvasion', '#genz', '#gengzap', '#gengglowing', '#bebasjerawat', '#pencetjerawat', '#skincaretips', '#ngezapyuk', '#ngezap', '#zapclinic', '#zapxgenz', '#genzinvasion', '#gengzap', '#genz', '#gengglowing', '#ngezapyuk', '#tiktok', '#tiktokindonesia', '#activeacnelaser', '#laserjerawat', '#jerawat', '#zapclinic', '#combotechnology', '#ngezapyuk', '#ngezapaman', '#laser', '#ipl', '#rejuvenation', '#hairremoval', '#zapclinic', '#kalibata', '#kalibatacity', '#zapclinickalibatacity', '#ngezapyuk', '#semuabisangezap', '#zapcoid', '#zapclinic', '#PhotoFacialxNazla']"
34,edsheerandouble,['#snowboarding']
35,bruce_weber,"['#ICON', '#ICONmagazine', '#diorhomme.\n‚Äî‚Äî‚Äî\nstyled', '#KateMoss', '#LouisGarrell‚ÄîI', '#JaneCampion']"
36,devermut,[]
37,cemvarsay,"['#mizah', '#2020', '#karantina', '#ev', '#evdekal']"
38,beglamrs,"['#whatiorderedvswhatigot', '#onlineshopping', '#meesho', '#amazonfashion', '#clothinghaul', '#onlinestore', '#hairstyle', '#hairstylesforwomen', '#hairstylesforgirls', '#easyhairstyles', '#floralhair', '#hairinspo', '#hairinspiration', '#hairtutorials', '#navratri', '#navratrispecial', '#garba', '#hacks', '#bodyglow', '#lifehacks', '#festivewear', '#festiveseason', '#skincare', '#facemask', '#tan', '#tanned', '#brighteningmask', '#diyfacemask', '#tanremoval', '#skincare', '#vitaminc', '#gramflour', '#diyfacemask', '#diy', '#homeremedies', '#brighteningmask', '#haircare', '#naturalhaircare', '#dandruff', '#dandruffremedies', '#makeup', '#makeuphacks', '#eyeliner', '#eyelinerhacks', '#euphoria', '#euphoriamakeup', '#makeupjunkie', '#summer', '#beauty', '#skincare', '#summerskincare', '#summermakeup', '#oilyskincare', '#sunscreen', '#sunscreeneveryday', '#beautysale', '#sex', '#sexed', '#health', '#sexeducator', '#skincare', '#exfoliate', '#clearskin', '#shower', '#showergel', '#bodyscrub', '#skincarejunkie', '#beautygifs', '#diyprimer', '#summermakeup', '#makeuphacks', '#beauty', '#makeup', '#beautytips', '#skincare', '#skincarejunkie', '#blackheads', '#facemask', '#skincare', '#clearskin', '#bodyacne', '#blemishes', '#bacne', '#flawlessskin', '#glycolicacid', '#lipstick', '#lipstickshades', '#lipstickswatch', '#lipstickaddict', '#lipstickjunkie', '#lipsticklover', '#chooseyourfighter', '#eyelinertutorial', '#eyelinerhacks', '#eyelinerhacks', '#spooneyeliner', '#winged', '#wingedliner', '#eyelinergoals', '#eyeliner', '#eyelinerstencil', '#eyelinerhacks', '#makeup', '#makeuphacks', '#makeupjunkie', '#makeupforbeginners', '#skincare', '#bodycare', '#personalhygiene', '#summer', '#juices', '#skincare', '#glowingskin', '#skincare', '#skincaretips', '#prank', '#aprilfools', '#beauty', '#beautyhacks', '#glowingskin']"
39,art_enlighten,"['#illustrationart', '#illustrate', '#illustated', '#illustrator', '#illustrators', '#illustratorslife', '#art', '#illustration', '#drawing', '#sketchbook', '#creative', '#creativeart', '#digitalillustration', '#illustrationgram', '#illustration_best', '#illustrationage', '#Illustrationstudent', '#digitaldrawing', '#digitalpainting', '#artistic', '#artshow', '#artlovers', '#artmeme', '#arrtpassion', '#illustrationart', '#illustrate', '#illustated', '#illustrators', '#illustration', '#illustrations', '#motherlove', '#mother', '#motherdaughter', '#digitalillustration', '#motherlove', '#digitalillustrations', '#digitalillustrator', '#artlove', '#artlover', '#artlovers', '#emergingartists', '#artshoutout_gallery', '#artloverschoice', '#artvideo', '#instaart', '#oddlysatisfying', '#drawing', '#drawingoftheday', '#illustration', '#pencilart', '#sketchoftheday', '#inkdrawing', '#sketchbook', '#instaart', '#sketching', '#portraitpainting', '#pencilsketch', '#portraitdrawing', '#artwork', '#artistsoninstagram', '#artist', '#pencil', '#artloverschoice', '#instaart', '#oddlysatisfying', '#drawing', '#drawingoftheday', '#illustration', '#digitaldrawing', '#sketchoftheday', '#inkdrawing', '#sketchbook', '#instaart', '#sketching', '#digitalillustrator', '#pencilsketch', '#digitalillustration', '#digitalart', '#digitalpainting', '#artist', '#arrtvision', '#hyperrealism', '#realisticdrawing', '#drawingoftheday', '#blackandwhiteart', '#dailydrawing', '#workshop', '#instadrawing', '#draw', '#paintings', '#dailydrawing', '#drawings', '#painting', '#drawingoftheday', '#drawingart', '#canvas', '#instadraw', '#arrtvision', '#creativevideo', '#videoart', '#artdaily', '#wonderfulart', '#fantasticart', '#pencilsketchings', '#fineart', '#creative', '#sketchbook', '#traditionalart', '#sketchaday', '#artofinstagram', '#stamping', '#inkdrawing', '#inkmaster', '#drawing', '#illustration', '#sketchbook', '#draw', '#inkedtattoo', '#instaart', '#inkart', '#share_paintings', '#creative_art_world', '#canvas', '#acrylic', '#artmagazine', '#arthomepage', '#inkartist', '#paintingoftheday', '#artlove', '#paintings', '#artistic', '#acrylicpainting', '#artbasel', '#hyperrealism', '#masterpiece', '#oiloncanvas', '#artoftheday', '#worldofartists', '#traditionalart', '#instapainting', '#painting', '#creative', '#creativeart', '#canvaspainting', '#arrtpassion', '#illustrationart', '#illustrate', '#illustated', '#illustrators', '#illustration', '#illustrations', '#digitalillustration', '#digitalillustrations', '#digitalillustrator', '#artlove', '#artlover', '#artlovers', '#saveplanet', '#saveearth', '#savetrees', '#saveanimals', '#savewater', '#savelifes', '#inspiration', '#awareness', '#planting', '#savetheplanet', '#savethenature', '#savenature', '#emergingartists', '#arrtvision', '#greatartists', '#artvideos', '#worldofartists', '#artlover', '#artlove', '#talented', '#modernart', '#talents', '#artistic', '#greatart', '#greatartist', '#great', '#instagood', '#sandart', '#arrtvision', '#greatartists', '#artvideos', '#worldofartists', '#artlover', '#artlove', '#talented', '#modernart', '#talents', '#artistic', '#diyslime', '#diymakeup', '#diygift', '#diygifts', '#diyqueen', '#diyproject', '#pretty', '#happy', '#colors', '#instagood', '#5mincrafts', '#diyfood', '#creative_art_world', '#innovation', '#illustrators', '#dailyart', '#illustration', '#artofplanet', '#creativity', '#innovative', '#digitaldrawing', '#digitalartwork', '#digitalartist', '#artcreativity', '#artistic', '#artshow', '#helpothers', '#artlover', '#artlove', '#helppeople', '#artistseverywhere', '#emergingartists', '#wonderfulart', '#fantasticart', '#amazingart', '#creativeideas', '#masterpiece', '#artdesign', '#oilpaintings', '#canvas', '#acrylic', '#beautifulart', '#artbasel', '#wonderfulart', '#newartwork', '#share_paintings', '#creative_art_world', '#artgallery', '#artists', '#realisticdrawing', '#realisticpainting', '#realisticpaintings', '#hyperrealism', '#artshoutout_gallery', '#artloverschoice', '#artvideo', '#instaart', '#oddlysatisfying', '#drawing', '#drawingoftheday', '#illustration', '#pencilart', '#sketchoftheday', '#inkdrawing', '#sketchbook', '#instaart', '#sketching', '#portraitpainting', '#pencilsketch', '#portraitdrawing', '#artwork', '#artistsoninstagram', '#artist', '#pencil']"
40,fazilpuria,"['#fazilpuria', '#fazilpuria', '#fazilpuria', '#fazilpuria', '#fazilpuria', '#fazilpuria', '#BLESSED', '#fazilpuria', '#krishna', '#ahirregiment', '#fazilpuria', '#fazilpuria', '#fazilpuria', '#fazilpuria', '#fazilpuria', '#true', '#fazilpuria', '#savetheplanet', '#saveearth', '#savetrees', '#nature', '#noplastic', '#clean', '#green', '#fazilpuria', '#fazilpuria', '#instagood', '#viral', '#trending', '#fazilpuria', '#This', '#fazilpuria', '#viral', '#trending', '#instagood', '#fazilpuria', '#insta', '#instagood', '#trending', '#viral', '#whitehillmusic', '#fazilpuria']"
41,entrenadorapersonal_,[]
42,sprngbrk,['#HotBoyBling']
43,streetstyled,"['#fashionweek', '#vogue']"
44,shopakira,"['#shopAKIRA', '#shopAKIRA', '#shopAKIRA', '#shopAKIRA', '#shopAKIRA', '#AZALEAWANGOFFICIAL', '#shopAKIRA', '#AZALEAWANGOFFICIAL', '#shopAKIRA', '#shopAKIRA', '#shopAKIRA', '#shopAKIRA', '#shopAKIRA', '#shopAKIRA']"
45,joanmir36official,"['#Japon', '#Suzuki', '#Japan', '#36or1?', '#TheDecision', '#TheDecision', '#termasderiohondo', '#NonStop', '#TheDecision', '#Repost', '#SUZUKing', '#TheDecision', '#PortugueseGP', '#MotoGP', '#2021', '#preseason', '#Supermotard', '#TitoRabat', '#ValenciaGP', '#2020ReviewByM1R', '#Suzuki', '#EuropeanGP', '#2020ReviewByM1R', '#AlcanizGP', '#2020ReviewByM1R', '#AragonGP', '#2020ReviewByM1R\nAll', '#FrenchGP', '#2020ReviewByM1R\nI', '#CatalanGP', '#2020ReviewByM1R', '#Suzuki', '#EmiliaRomagnaGP', '#2020ReviewByM1R', '#SanMarinoGP', '#2020ReviewByM1R', '#Valentino!\nVolv√≠', '#AustrianGP', '#2020ReviewByM1R']"
46,delegadopalumbo,"['#DEUSconosco', '#direitosparacidadaodebem', '#DEUSconosco', '#DEUSconosco', '#DEUSconosco', '#DEUSconosco', '#DEUSconosco', '#DEUSconosco', '#DEUSconosco', '#DEUSconosco', '#DEUSconosco', '#direitosparacidadaodebem', '#DEUSconosco', '#‚òùüèª', '#DEUSconosco', '#direitosparacidadaodebem', '#DEUSconosco', '#DEUSconosco', '#DEUSconosco', '#gratidaÃÉo', '#claudetetroiano', '#oraetlabora', '#DEUSconosco', '#direitosparacidadaodebem', '#delegadopalumbo', '#DEUSconosco', '#tbt', '#direitosparacidadaodebem', '#delegadopalumbo', '#DEUSconosco', '#DEUSconosco', '#DEUSconosco', '#DEUSconosco', '#DEUSconosco', '#DEUSconosco', '#direitosparacidadaodebem', '#DEUSconosco', '#gratidaÃÉo', '#nonna', '#palumbo', '#nonnopalumbo', '#ribeiraopreto', '#JESUS']"
47,carx_tech,[]
48,jiyaashankarofficial,"['#coffee', '#coffeetime', '#restaurant', '#marathimulgi', '#marathi', '#GoodnightIndia\n\nOutfit', '#jiyashankar', '#vrijajiyashankar', '#glowingskin', '#ageingskin', '#dullskin', '#hairlosstreatment', '#hairtransformation', '#skincare', '#pigmentation', '#dehydratedskin', '#influencer', '#undernourishedskin', '#wrinkles', '#darkspots', '#agespots', '#vrijaskin', '#vrijaskincare', '#skinconcerns', '#skinproblems', '#pandemic', '#vrijaskincare', '#vrijaskincare', '#GoodnightIndia']"
49,jblaudio,"['#Flip5', '#EndurancePeakII', '#Xtreme3', '#Clip4', '#TeamJBL,', '#Charge5', '#LivePro+', '#PartyBox310', '#TeamJBL,', '#Flip5', '#TeamJBL', '#ReflectMiniNC']"
